見出し項目	英語	ひろう単語		拾ってしまうと困る単語もある	
アダルト産業労働者・アーティスト協会	Adult Industry Laborers and Artists Association		Adult Industry Laborers and Artists Association	Adult Industry Laborers and Artists Association	
Amazon	Amazon.com, Inc.	Amazon		Amazon.com	
アメリカ法曹協会	American Bar Association		American Bar Association	American Bar Association	
アメリカ法律協会	American Law Institute		American Law Institute	American Law Institute	
Apple	Apple Inc.	Apple	Apple Inc.	Apple Inc.	
Ashcroft v. Free Speech Coalition	Ashcroft v. Free Speech Coalition		Ashcroft v. Free Speech Coalition	Ashcroft v. Free Speech Coalition	
Backpage	Backpage	Backpage	Backpage	Backpage	
BDSM	BDSM	BDSM	BDSM	ＢＤＳＭ	
BLM	Black Lives Matter	Black Lives Matter	Black Lives Matter	BLM	
Campbell v. Sundquist	Campbell v. Sundquist		Campbell v. Sundquist		
Chaplinsky v. New Hampshire	Chaplinsky v. New Hampshire	Chaplinsky v. New Hampshire	Chaplinsky v. New Hampshire	Chaplinsky v. New Hampshire	
COYOTE	Call Off Your Old Tired Ethics (COYOTE)	COYOTE	Call Off Your Old Tired Ethics (COYOTE)	Call Off Your Old Tired Ethics (COYOTE)	
Crimes against Children Research Centre	Crimes against Children Research Centre	Crimes against Children Research Centre	Crimes against Children Research Centre	Crimes against Children Research Centre	
DSM	Diagnostic and Statistical Manual (DSM)	DSM-IV	診断と統計マニュアル	DSM-V	DSMはBDSMとかぶるので拾えない
DSM-IV	DSM-IV				
DSM-V	DSM-V				
eBay	eBay	eBay	eBay	eBay	
Eharmony	Eharmony	Eharmony	Eharmony	Eharmony	
Elvis the Alien	Elvis the Alien	Elvis the Alien	Elvis the Alien	Elvis the Alien	
Facebook	Facebook	Facebook	Facebook	Facebook	
Farmers Only	Farmers Only	Farmers Only	Farmers Only	FarmersOnly	
フェミニスト・ポルノ賞	Feminist Porn Awards		Feminist Porn Awards	Feminist Porn Awards	
FLDS / 末日聖徒イエス・キリスト教会原理主義派	Fundamentalist Church of Jesus Christ of Latter-Day Saints	FLDS	Fundamentalist Church of Jesus Christ of Latter-day Saints (FLDS)	Fundamentalist Church of Jesus Christ of Latter-day Saints (FLDS)	
オンライン人身取引対策法	FOSTA (Fight Online Sex Trafficking Act)		Fight Online Sex Trafficking Act (FOSTA)	Fight Online Sex Trafficking Act (FOSTA)	
Fox News	Fox News	Fox News	Fox News	Fox News	
Gagdette	Gagdette	Gagdette	Gagdette	Gagdette	
Goddess by Night	Goddess by Night	Goddess by Night	Goddess by Night	Goddess by Night	
Good for Her	Good for Her	Good for Her	Good for Her	Good for Her	
Google	Google	Google	Google	Google	
Grandma's House	Grandma's House	Grandma’s House	Grandma's House	Grandma's House	
Grindr	Grindr	Grindr	Grindr	Grindr	
Happy Play Time	Happy Play Time	Happy Play Time	Happy Play Time	Happy Play Time	
Human Rights Caucus	Human Rights Caucus		Human Rights Caucus	Human Rights Caucus	
Human Rights Watch	Human Rights Watch		Human Rights Watch	Human Rights Watch	
IFundWomen	IFundWomen		IFundWomen	IFundWomen	
Indiegogo	Indiegogo		Indiegogo	Indiegogo	
Instagram	Instagram	Instagram	Instagram	Instagram	
こくさいセックスワーカー@国際セックスワーカーユニオン	International Union of Sex Workers	国際セックスワーカーユニオン	International Union of Sex Workers	International Union of Sex Workers	
Joyline	Joyline	Joyline	Joyline	Joyline	
Kickstarter	Kickstarter		Kickstarter	Kickstarter	
Lawrence v. Texas	Lawrence v. Texas	Lawrence v. Texas	Lawrence v. Texas	Lawrence v. Texas	
LDS Singles	LDS Singles	LDS Singles	LDS Singles	LDS Singles	
LGBTQ+アイデンティティ	LGBTQ+ identity	LGBTQ+アイデンティティ	LGBTQ+ identity	LGBTQ+ identity	
LGBTQ+の権利	LGBTQ+ rights	LGBTQ+の権利	LGBTQ+ rights	LGBTQ+ rights	
Listner, The	Listner, The		The Listener	Listener	
Marsh v. Alabama	Marsh v. Alabama	Marsh v. Alabama	Marsh v. Alabama	Marsh v. Alabama	
Master Guardian	Master Guardian	Master Guardian	Master Guardian	Master Guardian	
Mastercard	Mastercard	Mastercard	Mastercard	Mastercard	
Match Group	Match Group	Match Group	Match Group	Match Group	
MDMA	MDMA	MDMA	MDMA	MDMA	
Microsoft	Microsoft	Microsoft	Microsoft	Microsoft	
MindGeek	MindGeek	MindGeek	MindGeek	MindGeek	
National Alliance to End Sexual Violence	National Alliance to End Sexual Violence		National Alliance to End Sexual Violence	National Alliance to End Sexual Violence	
National Coalition for Sexual Freedom	National Coalition for Sexual Freedom		National Coalition for Sexual Freedom	National Coalition for Sexual Freedom	
National Crime Agency (U.K.)	National Crime Agency (U.K.)		National Crime Agency (U.K.)	National Crime Agency (U.K.)	
ニュージーランド売春者連合	New Zealand Prostitutes Collective	ニュージーランド売春者連合	New Zealand Prostitutes Collective	New Zealand Prostitutes Collective	
NRE （新パートナーエネルギー）	New Relationship Energy		New Relationship Energy (NRE)	NRE	
Obergefell v. Hodges	Obergefell v. Hodges		Obergefell v. Hodges	Obergefell	
objectophilia	objectophilia		objectophilia	objectophilia	
OECD	Organization for Economic Cooperation and Development (OECD)	OECD	Organization for Economic Cooperation and Development (OECD)	Organization for Economic Cooperation and Development (OECD)	
OkCupid	OkCupid	OkCupid	OkCupid	OkCupid	
OnlyFans	OnlyFans	OnlyFans	OnlyFans	OnlyFans	
Patreon	Patreon	Patreon	Patreon	Patreon	
PayPal	PayPal	PayPal	PayPal	PayPal	
	People v. Jovanovic	People v. Jovanovic	People v. Jovanovic	People v. Jovanovic	
People v. Mayberry	People v. Mayberry	People v. Mayberry	People v. Mayberry	People v. Mayberry	
Pew Research	Pew Research	Pew Research	Pew Research	Pew Research	
Philosophers Index	Philosophers Index	Philosophers Index	Philosophers Index	Philosophers Index	
Planned Parenthood v. Casey	Planned Parenthood v. Casey	Planned Parenthood v. Casey	Planned Parenthood v. Casey	Planned Parenthood v. Casey	
Playboy	Playboy	Playboy	Playboy	Playboy	
PornHub	PornHub	PornHub	PornHub	PornHub	
Purple September Staff	Purple September Staff	Purple September Staff	Purple September Staff	Purple September Staff	
R. v. Bree	R. v. Bree	R. v. Bree	R. v. Bree	R. v. Bree	
R. v. Brown	R. v. Brown	R. v. Brown	R. v. Brown	R. v. Brown	
R. v. Butler	R. v. Butler	R. v. Butler	R. v. Butler	R. v. Butler	
R. v. Sharpe	R. v. Sharpe	R. v. Sharpe	R. v. Sharpe	R. v. Sharpe	
Reddit	Reddit	Reddit	Reddit	Reddit	
Reliable Consultants v. Earle	Reliable Consultants v. Earle	Reliable Consultants v. Earle	Reliable Consultants v. Earle	Reliable Consultants v. Earle	
Roe v. Wade	Roe v. Wade	Roe v. Wade	Roe v. Wade	Roe v. Wade	
セックスワーカー・アライネットワーク	Sex Workers and Allies Network in Sweden	セックスワーカー・アライネットワーク	Sex Workers and Allies Network in Sweden (SANS)	Sex Workers and Allies Network in Sweden (SANS)	
Skype	Skype		Skype	Skype	
Spyer, Thea	Spyer, Thea		Thea Spyer	Spyer	
State v. Guinn	State v. Guinn		State v. Guinn	State v. Guinn	
Stop Enabling Sex Trafficking Act (SESTA)	Stop Enabling Sex Trafficking Act, SESTA		Stop Enabling Sex Trafficking Act (SESTA)	Stop Enabling Sex Trafficking Act (SESTA)	
Sugarcunt	Sugarcunt	Sugarcunt	Sugarcunt	Sugarcunt	
Takagi, Shin	Takagi, Shin		Shin Takagi	Takagi	
Techhub	Techhub	Techhub	Techhub	Techhub	
Tinder	Tinder	Tinder	Tinder	Tinder	
Tumblr	Tumblr	Tumblr	Tumblr	Tumblr	
Twitch	Twitch	Twitch	Twitch	Twitch	
Twitter	Twitter	Twitter	Twitter	Twitter	
Vanity Fair	Vanity Fair	Vanity Fair	Vanity Fair	Vanity Fair	
VCE / バーチャル児童搾取	VCE, VIrtual Child Exploitation	VCE	バーチャル児童搾取		
Williams v. King	Williams v. King	Williams v. King	Williams v. King	Williams v. King	
せかいセクシュアルヘルスきょうかい@世界性健康協会	WASH, World Association for Sexual Health		World Association for Sexual Health (WASH)	World Association for Sexual Health (WASH)	
YouTube	YouTube	YouTube	YouTube	YouTube	
アーシアン，ルーベン	Arslan, Ruben C.	ルーベン・アーシアン	Ruben C. Arslan	Arslan	
アースティン=カースレイク，アンナ	Arstein-Kerslake, Anna	アンナ・アースティン=カースレイク	Anna Arstein-Kerslake	Arstein-Kerslake	
アーチャード，デヴィッド	Archard, David	デヴィッド・アーチャード	David Archard	Archard	
アープ，ブライアン	Earp, Brian	ブライアン・アープ	Brian Earp	Earp	アープ
アイスランド	Iceland	アイスランド	Iceland	Iceland	
アイデンティティ	identity	アイデンティティ			
アヴェニューQ	Avenue Q	アヴェニューQ	Avenue Q	Avenue Q	
アウグスティヌス	Augustine, St.	アウグスティヌス	St. Augustine	Augustine	
アクィナス，トマス	Aquinas, St. Thomas	トマス・アクィナス	St. Thomas Aquinas	Aquinas	
あくとく@悪徳	vice	悪徳			
アセクシュアル／アセクシュアリティ	asexuality / asexual	アセクシュアリティ	asexuality	asexuality	asexual
アップル，ケヴィン	Apple, Kevin J.	ケヴィン・アップル	Kevin J. Apple	Apple	
アップルボーム，ピーター	Applebome, Peter	ピーター・アップルボーム	Peter Applebome	Applebome	
アドシェイド，マリナ	Adshade, Marina	マリナ・アドシェイド	Marina Adshade	Adshade	
アナポール，デボラ	Anapol, Deborah	デボラ・アナポール	Deborah Anapol	Anapol	
アナルプラグ	anal plug	アナルプラグ			
アフターケア	aftercare	アフターケア	aftercare	aftercare	
アブノーマル	abnormal	アブノーマル			
アムネスティ・インターナショナル	Amnesty International	アムネスティ・インターナショナル	Amnesty International	Amnesty International	
アヤラ，サライ	Ayala, Saray	サライ・アヤラ	Saray Ayala	Ayala	
アリ，ラミ	Ali, Rami	ラミ・アリ	Rami Ali	Ali	
アリストテレス	Aristotle	アリストテレス	Aristotle	Aristotle	
アルティメット	Ultimate Frisbee	アルティメット	Ultimate Frisbee	Ultimate Frisbee	
アレン，ジェレミー	Allen, Jeremy	ジェレミー・アレン	Jeremy Allen	Allen	
アレン，マイケル・サッド	Allen, Michael Thad	マイケル・サッド・アレン	Michael Thad Allen		
アンサリ，アジズ	Ansari, Aziz	アジズ・アンサリ	Aziz Ansari	Ansari	
アンスコム，G.E.M.	Anscombe, G.E.M.	G.E.M.・アンスコム	アンスコム	Anscombe	
アンダーソン，エリザベス	Anderson, Elizabeth	エリザベス・アンダーソン	Elizabeth Anderson		
アンダーソン，エリック	Anderson, Eric	エリック・アンダーソン	Eric Anderson		
アンダーソン，ガンナー	Andersson, Gunnar	ガンナー・アンダーソン	Gunnar Andersson	Andersson	
アンダーソン，グレタ	Anderson, Greta	グレタ・アンダーソン	Greta Anderson		
アンダーソン，デヴィッド	Anderson, David	デヴィッド・アンダーソン	David Anderson		
アンダーソン，ミシェル	Anderson, Michelle	ミシェル・アンダーソン	Michelle Anderson		
アンダーソン，モニカ	Anderson, Monica	モニカ・アンダーソン	Monica Anderson		
アンダーソン，ライアン	Anderson, Ryan	ライアン・アンダーソン	Ryan Anderson		
アンチオク大学	Antioch College	アンチオク大学	Antioch College	Antioch College	
イースターブルック，フランク	Easterbrook, Frank	フランク・イースターブルック	イースターブルック	Easterbrook	
イートン，アン	Eaton, Anne	アン・イートン	イートン	Eaton	
イエロー・フィーバー	yellow feaver	イエロー・フィーバー			
イグナティエフ，マイケル	Ignatieff, Michael	マイケル・イグナティエフ	イグナティエフ	Ignatieff	
イッツィン，キャサリン	Itzin, Catherine	キャサリン・イッツィン	イッツィン	Itzin	
イリアッド	Iliad, The	イリアッド	The Iliad	Iliad	
インターセクシュアリティ	intersexuality	インターセクシュアリティ	intersexuality	intersexuality	
インターセクショナリティ	intersectionality	インターセクショナリティ	intersectionality	intersectionality	
インターネット	internet				
インターネットデート／ネットデート	internet dating	インターネットデート	ネットデート		
ヴァーチャルリアリティ	virtual reality (VR)	ヴァーチャルリアリティ	virtual reality (VR)	virtual reality (VR)	
ヴァーレー，エリザベス	Varley, Elizabeth	エリザベス・ヴァーレー	Elizabeth Varley	Varley	
ヴァンデルヴォート，ルチンダ	Vandervort, Lucinda	ルチンダ・ヴァンデルヴォート	Lucinda Vandervort	Vandervort	
ウィークス，ミリアム	Weeks, Miriam	ミリアム・ウィークス	Miriam Weeks	Weeks	
ヴィッカーズ，スーザン	Vickers, Susan	スーザン・ヴィッカーズ	Susan Vickers	Vickers	
ウィット，エミリー	Witt, Emily	エミリー・ウィット	Emily Witt	Witt	
ウィティッグ，モニーク	Wittig, Monique	モニーク・ウィティッグ	Monique Wittig	Wittig	ウィティッグ
ウィクタリック，クリスタ	Wichterich, Christa	クリスタ・ウィクタリック	Christa Wichterich	Wichterich	
ウィリス，エレン	Willis, Ellen	エレン・ウィリス	Ellen Willis	Willis	
ウィルキンソン，エレノア	Wilkinson, Eleanor	エレノア・ウィルキンソン	Eleanor Wilkinson	Wilkinson	
ウィンザー，エディス	Windsor, Edith	エディス・ウィンザー	Edith Windsor	Windsor	
ウェイツ，マシュー	Waites, Matthew	マシュー・ウェイツ	Matthew Waites	Waites	
ヴェーマス，シモ	Vehmas, Simo	シモ・ヴェーマス	Simo Vehmas	Vehmas	
ウェスト，リンディ	West, Lindy	リンディ・ウェスト	Lindy West		
ウェスト，ロビン	West, Robin	ロビン・ウェスト	Robin West		
ウェストハイマー，ルース	Westheimer, Ruth	ルース・ウェストハイマー	Ruth Westheimer	Westheimer	
ウェルズ，マーク	Wells, Mark	マーク・ウェルズ	Mark Wells	Wells	
ヴェンカテシュ，スディール・アラディ	Venkatesh, Sudhir Alladi	スディール・アラディ・ヴェンカテッシュ	Sudhir Alladi Venkatesh	Venkatesh	
ウェンデル，スーザン	Wendell, Susan	スーザン・ウェンデル	Susan Wendell	Wendell	
ヴェンデンベルゲ，ベッツィー	Vandenberghe, Betsy	ベッツィー・ヴェンデンベルゲ	Betsy Vandenberghe	Vandenberghe	
ヴォー，エリザベス	Veaux, Franklin	エリザベス・ヴォー	Franklin Veaux	Veaux	
ウォーカー，レベッカ	Walker, Rebecca	レベッカ・ウォーカー	Rebecca Walker	Walker	
ウォータース，ジョン	Waters, John	ジョン・ウォータース	John Waters	Waters	
ヴォルテール	Voltaire	ヴォルテール	Voltaire	Voltaire	
ウォルフェンデン，ジョン	Wolfenden, John (Sir)	ウォルフェンデン	John (Sir) Wolfenden	Wolfenden	
ヴォロック，ユージン	Volokh, Eugene	ユージン・ヴォロック	Eugene Volokh	Volokh	
ウッド，アレン	Wood, Allen	アレン・ウッド	Allen Wood	Wood	
ウルストンクラフト，メアリ	Wollstonecraft, Mary	メアリ・ウルストンクラフト	Mary Wollstonecraft	Wollstonecraft	
エアーズ，イアン	Ayres, Ian Brown	イアン・エアーズ	Ian Brown Ayres	Ayres	
えいこくあかでみ@英国アカデミー	British Academy	英国アカデミー	British Academy	British Academy	
エグバート，C. K.	Egbert, C.K.	C. K.・エグバート	C.K. Egbert	Egbert	
エジプト	Egypt	エジプト	Egypt	Egypt	
エメンス，エリザベス	Emens, Elizabeth	エリザベス・エメンス	Elizabeth Emens	Emens	
エリクソン，ラーズ	Ericsson, Lars	ラーズ・エリクソン	Lars Ericsson	Ericsson	
エルヴィンス，フィオナ	Elvines, Fiona	フィオナ・エルヴィンス	Fiona Elvines	Elvines	
エンバ，クリスティナ	Emba, Christina	クリスティナ・エンバ	Christina Emba	Emba	
オースティン，J. L.	Austin, J.L.	J. L. ・オースティン	オースティン	Austin	
オーバーマン，ミシェル	Oberman, Michelle	ミシェル・オーバーマン	Michelle Oberman	Oberman	オーバーマン
オキシトシン	oxytocin	オキシトシン	oxytocin	oxytocin	
オコーナー，サンドラ・デイ	O'Connor, Sandra Day	サンドラ・デイ・オコーナー	Sandra Day O'Connor	O'Connor	
オシア，トム	O'Shea, Tom	トム・オシア	Tom O'Shea	O'Shea	
おとしめ@貶め／デグレーション／屈辱	degration / degrading	貶め	デグレーション	屈辱	デグレーディング
オニール，オノラ	O'Neill, Onora	オノラ・オニール	Onora O'Neill	O'Neill	
オバマ，バラク	Obama, Barack	バラク・オバマ	Barack Obama	Obama	
オブライエン，マーク	O'Brien, Mark	マーク・オブライエン	Mark O'Brien	O'Brien	
オライリー，ビル	O'Reilly, Bill	ビル・オライリー	Bill O'Reilly	O'Reilly	
オルズ，シャロン	Olds, Sharon	シャロン・オルズ	Sharon Olds	Olds	
オルスゼゥスキ，ダリル・J	Olszewski, Daryl J.		Daryl J. Olszewski	Olszewski	
オルポート，フロイド	Allport, Floyd	フロイド・オルポート	Floyd Allport	Allport	
オルムステッド，グレイシー	Olmstead, Gracey	グレイシー・オルムステッド	Gracey Olmstead	Olmstead	
オレゴン州立大学	Oregon State University	オレゴン州立大学	Oregon State University	Oregon State University	
カーター，ジミー	Carter, Jimmy	ジミー・カーター	Jimmy Carter		
カーター，ロザリン	Carter, Rosalynn	ロザリン・カーター	Rosalynn Carter		
ガードナー，ジョン	Gardner, John 	ジョン・ガードナー	John  Gardner	Gardner	
カーン，ナオミ	Cahn, Naomi	ナオミ・カーン	Naomi Cahn	Cahn	
がいぶせつ@外部説	externalism	外部説			
かくりつ@格律	maxim	格律			
カジュアルセックス	casual sex	カジュアルセックス	カジュアルなセックス		
カス，レオン	Kass, Leon	レオン・カス	Leon Kass	Kass	
カッタリ，シャナ	Kattari, Shanna	シャナ・カッタリ	Shanna Kattari	Kattari	
カッツ，シャナ	Katz, Shanna	シャナ・カッツ	Shanna Katz	Katz	
カナダ	Canada	カナダ	Canada	Canada	
かふちょうせい@家父長制	patriarchy	家父長制			
カメオ	Cameo	カメオ	Cameo	Cameo	
カリフィア，パトリック	Califia, Patrick	パトリック・カリフィア	Patrick Califia	Califia	カリフィア
カリフォルニア大学リバーサイド校	University of California, Riverside	カリフォルニア大学リバーサイド校	Riverside University of California	University of California	
カルホーン，ローリー	Calhoun, Laurie	ローリー・カルホーン	Laurie Calhoun	Calhoun	カルホーン
カワート，モニカ	Cowart, Monica	モニカ・カワート	Monica Cowart	Cowart	
かんつう@姦通／不倫	adultery	姦通	不倫		
カント，インマニュエル	Kant, Immanuel	インマニュエル・カント	カント	Kant	
カント主義	Kantianism	カント主義	Kantianism	Kantianism	
かんようせつ@寛容説	lax view	寛容説			
ギーチ，メアリ・キャサリン	Geach, Mary Catherine	メアリ・キャサリン・ギーチ	Mary Catherine Geach	Geach	
キーナン，ジェームズ	Keenan, James	ジェームズ・キーナン	James Keenan	Keenan	
きがいげんそく@危害原則	Harm Principle	危害原則	Harm Principle	Harm Principle	
キトロッサー，ハイジ	Kitrosser, Heidi	ハイジ・キトロッサー	Heidi Kitrosser	Kitrosser	
きはんせい@規範性	mononormativity	規範性	mononormativity	mononormativity	
キプニス，ローラ	Kipnis, Laura	ローラ・キプニス	Laura Kipnis	Kipnis	
ギャロップ，シンディー	Gallop, Cindy	シンディー・ギャロップ	Cindy Gallop	Gallop	
キンキー／キンク	kinky / kink	キンキー	キンク		
きんしんかん@近親姦	incest	近親姦	インセスト		
きんよくおんりー@禁欲オンリー教育	abstinence-only education	禁欲オンリー教育	abstinence-only education	abstinence-only education	
クィア理論	Queer Theory	クィア理論	Queer Theory	Queer Theory	
クィーン，キャロル	Queen, Carol	キャロル・クィーン	Carol Queen	Queen	
クータ，アーロン・E	Koota, Aaron E.	アーロン・E・クータ	Aaron E. Koota	Koota	
クオモ，アンドリュー	Cuomo, Andrew	アンドリュー・クオモ	Andrew Cuomo		
クオモ，ミカエラ	Cuomo, Michaela	ミカエラ・クオモ	Michaela Cuomo		
ククラ，クィル・レベッカ	Kukla, Quill Rebecca	クィル・レベッカ・ククラ	Quill Rebecca Kukla	Kukla	
クセノポン	Xenophon	クセノポン	Xenophon	Xenophon	
クチネリ，ケン	Cucinelli, Ken	ケン・クチネリ	Ken Cucinelli	Cucinelli	
グッドマン，クリスティナ・チェンバーズ	Goodman, Christine Chambers	クリスティナ・チェンバーズ・グッドマン	Christine Chambers Goodman	Goodman	
グティウ，シンジアナ	Gutiu, Sinziana	シンジアナ・グティウ	Sinziana Gutiu	Gutiu	
クノウアー，ナンシー	Knauer, Nancy	ナンシー・クノウアー	Nancy Knauer	Knauer	
クラインプラッツ，ペギー	Kleinplatz, Peggy J.	ペギー・クラインプラッツ	Peggy J. Kleinplatz	Kleinplatz	
グラント，イザベル	Grant, Isabel	イザベル・グラント	Isabel Grant	Grant	
グランペトロ，ベス	Grampetro, Beth	ベス・グランペトロ	Beth Grampetro	Grampetro	
グリア，ジャーメイン	Greer, Germain	ジャーメイン・グリア	Germain Greer	Greer	
グリーン，スチュワート	Green, Stuart	スチュワート・グリーン	Stuart Green		
グリーン，リディア	Green, Lydia	リディア・グリーン	Lydia Green		
グリーン，レスリー	Green, Leslie	レスリー・グリーン	Leslie Green		
グリーンウェル，ガース	Greenwell, Garth	ガース・グリーンウェル	Garth Greenwell	Greenwell	
クリクトン，サラ	Crichton, Sarah	サラ・クリクトン	Sarah Crichton	Crichton	
クリスタキス，ニコラス・A	Christakis, Nicholas A.	ニコラス・A・クリスタキス	Nicholas A. Christakis	Christakis	
クリスチャンソン，クリスチャン	Kristjánsson, Kristján	クリスチャン・クリスチャンソン	Kristján Kristjánsson	Kristjánsson	
クリスティナ，グレタ	Christina, Greta	ぐれた・クリスティナ	Greta Christina	Christina	
クリストフ，ニコラス	Kristof, Nicholas	ニコラス・クリストフ	Nicholas Kristof	Kristof	
グリゼズ，ジャーメイン	Grisez, Germaine	ジャーメイン・グリゼズ	Germaine Grisez	Grisez	
クリック，ドン	Kulick, Don	ドン・クリック	Don Kulick	Kulick	
グリックマン，チャーリー	Glickman, Charlie	チャーリー・グリックマン	Charlie Glickman	Glickman	
クリントン，ビル	Clinton, Bill	ビル・クリントン	Bill Clinton	Clinton	
クルーズ，アリエンヌ	Cruz, Ariane	アリエンヌ・クルーズ	Ariane Cruz	Cruz	
クルックストン，エミリー	Crookston, Emily	エミリー・クルックストン	Emily Crookston	Crookston	
クレイマー，カレン	Kramer, Karen	カレン・クレイマー	Karen Kramer	Kramer	
セックス	Crenshaw, Kimberlé Williams	キンバリー・ウィリアムズ・クレンショー	Kimberlé Williams Crenshaw	Crenshaw	
グローバー，キャメロン	Glover, Cameron	キャメロン・グローバー	Cameron Glover	Glover	
ゲイヴィー，ニコル	Gavey, Nicole	ニコル・ゲイヴィー	Nicole Gavey	Gavey	
ゲイの権利	gay rights	ゲイの権利	gay rights	gay rights	ゲイライツ
ケスラー，カリ	Kesler, Kari	カリ・ケスラー	Kari Kesler	Kesler	
けっこんのぷらいべーと@結婚のプライベート化	privatization of marriage	プライベート化			
ケネディ，アンソニー	Kennedy, Anthony	アンソニー・ケネディ	Anthony Kennedy	Kennedy	
ケラー，ダフネ	Keller, Daphne	ダフネ・ケラー	Daphne Keller	Keller	
げんごこういろん@言語行為論	speech-act theory	言語行為論			
ケンディ，イブラムX	Kendi, Ibram X.	イブラムX・ケンディ	Ibram X. Kendi	Kendi	
げんみつせつ@厳密説	strict view	厳密説			
こうていてきどうい@肯定的同意	affirmative consent	肯定的同意			
こうふく@幸福	happiness / well-being	幸福			
こうよう@効用	utility	効用			
こうりしゅぎ@功利主義	utilitarianism	功利主義	utilitarianism	utilitarianism	
コーストン，アマンダ	Cawston, Amanda	アマンダ・コーストン	Amanda Cawston	Cawston	
コーニン，ジョン	Cornyn, John	ジョン・コーニン	John Cornyn	Cornyn	
コーラン	Koran, The	コーラン	The Koran	Koran	
ゴールドマン，アラン	Goldman, Alan	アラン・ゴールドマン	Alan Goldman		
ゴールドマン，エマ	Goldman, Emma	エマ・ゴールドマン	Emma Goldman		
コーワン，シャロン	Cowan, Sharon	シャロン・コーワン	Sharon Cowan	Cowan	
コミットメント	commitment	コミットメント			
コミュニティ（テレビ番組）	Community (television series)	『コミュニティ』	Community (television series)	Community (television series)	
コルゲート大学	Colgate University	コルゲート大学	Colgate University	Colgate University	
こんがいせっくす@婚外セックス／婚外のセックス	extra-marital sex	婚外のセックス	婚外セックス		
コンスティン，ジョシュ	Constine, Josh	ジョシュ・コンスティン	Josh Constine	Constine	
コンパーション	Compersion	コンパーション	Compersion	Compersion	
ザ・フューリーズ	Furies, The		The Furies	Furies	
さいしょうけっこん@最小結婚	Minimal Marriage	最小結婚	Minimal Marriage	Minimal Marriage	
サイドマン，イレーネ	Seidman, Ilene	イレーネ・サイドマン	Ilene Seidman	Seidman	
サヴェッジ，ダン	Savage, Dan	ダン・サヴェッジ	Dan Savage	Savage	
さくしゅ@搾取	exploitation	搾取			
ザックス，アビー	Sachs, Abby	アビー・ザックス	Abby Sachs	Sachs	
サッツ，デボラ	Satz, Deborah	デボラ・サッツ	Deborah Satz	Satz	
ザッヘルマゾッホ，レオポルド	Sacher-Masoch, Leopold von	レオポルド・ザッヘルマゾッホ	Leopold von Sacher-Masoch	Sacher-Masoch	
サド，マルキ・ド	Sade, Marquis de	マルキ・ド・サド	Marquis de Sade	Sade	
ザニン，アンドレアス	Zanin, Andreas	アンドレアス・ザニン	Andreas Zanin	Zanin	
サブミッシブ	submissive	サブミッシブ			
さべつ@差別	discrimination	差別			
サポスキー，ロバート	Sapolsky, Robert	ロバート・サポスキー	Robert Sapolsky	Sapolsky	
サルトル，ジャン=ポール	Sartre, Jean-Paul	ジャン=ポール・サルトル	Jean-Paul Sartre	Sartre	
サンガー，キャロル	Sanger, Carol	キャロル・サンガー	Carol Sanger	Sanger	
サンステイン，キャス	Sunstein, Cass	キャス・サンステイン	Cass Sunstein	Sunstein	
サンデル，マイケル	Sandel, Michael	マイケル・サンデル	Michael Sandel	Sandel	
サントルム，リック	Santorum, Rick	リック・サントルム	Rick Santorum	Santorum	
シーガル，リン	Segal, Lynn	リン・シーガル	Lynn Segal	Segal	
ジェイコブス，アラン	Jacobs, Alan	アラン・ジェイコブス	Alan Jacobs	Jacobs	
ジェームズ，スージーQ	James, Siouxsie Q.	スージーQ・ジェームズ	Siouxsie Q. James	James	
ジェタ，カシルダ	Jethá, Cacilda	カシルダ・ジェタ	Cacilda Jethá	Jethá	
シェフ，エリザベス	Sheff, Elisabeth	エリザベス・シェフ	Elisabeth Sheff	Sheff	
ブラウン，ジェニファー・ジェラルダ	Brown, jennifer Geralda	ジェニファー・ジェラルダ	Jennifer Gerarda	Gerarda	
ジェンキンス，キャリー	Jenkins, Carrie	キャリー・ジェンキンス	Carrie Jenkins	Jenkins	
ジェンセン，ロバート	Jensen, Robert	ロバート・ジェンセン	Robert Jensen	Jensen	
しじょう@市場	market	市場			
しぜんじょうたい@自然状態	State of Nature	自然状態	State of Nature	State of Nature	
しぜんほう@自然法	natural law	自然法			
しぜんほうりろん@自然法理論	Natural Law Theory	自然法理論	Natural Law Theory	Natural Law Theory	
しつう@私通	fornification	私通			
しっと@嫉妬	jealousy	嫉妬	jealousy	jealousy	
ジニ係数	Gini coefficient	ジニ係数	Gini coefficient	Gini coefficient	
シバース，トビン	Siebers, Tobin	トビン・シバース	Tobin Siebers	Siebers	
シビルユニオン	civil unions	シビル・ユニオン	シヴィルユニオン	シビルユニオン	
シャウアー，フレデリック	Schauer, Frederick	フレデリック・シャウアー	Frederick Schauer	Schauer	
ジャガー，アリソン	Jaggar, Alison	アリソン・ジャガー	Alison Jaggar	Jaggar	
シャピロ，ベン	Shapiro, Ben	ベン・シャピロ	Ben Shapiro	Shapiro	
ジャミル，ジャミーラ	Jamil, Jameela	ジャミーラ・ジャミル	Jameela Jamil	Jamil	
じゆう@自由	liberty	自由	liberty	liberty	
じゅうかん@獣姦	beastality	獣姦			
しゅうきょうてきじゆう@宗教的自由	liberty, religious	宗教的自由	religious liberty	liberty	
シュールホッファー，スティーヴン	Schulhofer, Stephen	スティーヴン・シュールホッファー	Stephen Schulhofer	Schulhofer	
しゅたいせい@主体性	agency	主体性			
シュッツ，マシアス	Scheutz, Mattheus	マシアス・シュッツ	Mattheus Scheutz	Scheutz	
シュレイジ，ローリー	Shrage, Laurie	ローリー・シュレイジ	Laurie Shrage	Shrage	
シュワルツ，バリー	Schwartz, Barry	バリー・シュワルツ	Barry Schwartz	Schwartz	
ジョイ，ペトラ	Joy, Petra	ペトラ・ジョイ	Petra Joy	Joy	
ジョイス，ジェームズ	Joyce, James	ジェームズ・ジョイス	James Joyce	Joyce	
しょうがいしゃ@障害者／障害のある人	disabilities, persons with	障害のある人	persons with disabilities	障害者	障害をもつ人
ジョージ，ロバート	George, Robert	ロバート・ジョージ	Robert George	George	
ショート，ジョイス	Short, Joyce	ジョイス・ショート	Joyce Short	Short	
ショッテン，C・ハイケ	Schotten, C. Heike	C・ハイケ・ショッテン	C. Heike Schotten	Schotten	
ジョリーズ，マジョリー	Jolles, Marjorie	マジョリー・ジョリス	Marjorie Jolles	Jolles	
シラー，フィリップ	Schiller, Philip	フィリップ・シラー	Philip Schiller	Schiller	
シリーズ，ルーシー	Series, Lucy	ルーシー・シリーズ	Lucy Series	Series	
じりつ@自律	autonomy	自律	autonomy	autonomy	
しんか@進化	evolution	進化	evolution	evolution	
シンガー，ピーター	Singer, Peter	ピーター・シンガー	Peter Singer	Singer	
シンクレア，カップケーキ	Sinclair, Cupcake	カップケーキ・シンクレア	Cupcake Sinclair	Sinclair	
じんけん@人権	human rights	人権	human rights	human rights	
じんしゅさべつ@人種差別／レイシズム	racism	人種差別	レイシズム		
スインギング	swinging	スインギング	swinging	swinging	
スウェーデン	Sweden	スウェーデン	Sweden	Sweden	
スーダン	Sudan	スーダン	Sudan	Sudan	
ズオシ，シ	Zuoshi, Xie	シ・ズオシ	Xie Zuoshi	Zuoshi	
スカラ，アントニン	Scalia, Antonin	アントニン・スカラ	Antonin Scalia	Scalia	
スクルートン，ロジャー	Scruton, Roger	ロジャー・スクルートン	Roger Scruton	Scruton	
スコット，ジェニファー	Scott, Jennifer	ジェニファー・スコット	Jennifer Scott	Scott	
スコティア，ダニー	Scoccia, Danny	ダニー・スコティア	Danny Scoccia	Scoccia	
スタートレックデーティング	Star Trek Dating	スタートレックデーティング	Star Trek Dating	Star Trek Dating	
スタイネム，グロリア	Steinem, Gloria	グロリア・スタイネム	Gloria Steinem	Steinem	
スタブルフィールド，アンナ	Stubblefield, Anna	アンナ・スタブルフィールド	Anna Stubblefield	Stubblefield	
スタンバーグ，ロバート	Sternberg, Robert J.	ロバート・スタンバーグ	Robert J. Sternberg	Sternberg	
スタンフォード大学	Stanford University	スタンフォード大学	Stanford University	Stanford University	
スチュワート，ポッター	Stewart, Potter	ポッター・スチュワート	Potter Stewart	Stewart	
ズッカーバーグ，マーク	Zuckerberg, Mark	マーク・ズッカーバーグ	Mark Zuckerberg	Zuckerberg	
スティーヴンソン，ルビー	Stevenson, Ruby	ルビー・スティーヴンソン	Ruby Stevenson	Stevenson	
スティーブン，レスリー・フィッツジェイムズ	Stephen, Leslie Fitzjames	レスリー・フィッツジェイムズ・スティーブン	Leslie Fitzjames Stephen	Stephen	
スティーブンス，アンジ・ベッカー	Stevens, Angi Becker	アンジ・ベッカー・スティーブンス	Angi Becker Stevens	Stevens	
スティグマ／汚名／烙印	stigma	スティグマ	汚名	烙印	
ステイシー，ジュディス	Stacey, Judith	ジュディス・ステイシー	Judith Stacey	Stacey	
ストーケル=ウォーカー，クリス	Stokel-Walker, Chris	クリス・ストーケル=ウォーカー	Chris Stokel-Walker	Stokel-Walker	
ストーヤ	Stoya	ストーヤ	Stoya	Stoya	
ストーラー，ロバート	Stoller, Robert	ロバート・ストーラー	Robert Stoller	Stoller	
ストライカー，キティ	Striker, Kitty	キティ・ストライカー	Kitty Striker	Striker	
ストレート	straight	ストレート			
スパルタ	Sparta	スパルタ	Sparta	Sparta	
スプリンクル，アニー	Sprinkle, Annie	アニー・スプリンクル	Annie Sprinkle	Sprinkle	
スミス，モリー	Smith, Molly	モリー・スミス	Molly Smith	Smith	
スラスバーグ，モーラ	Strassberg, Maura	モーラ・スラスバーグ	Maura Strassberg	Strassberg	
スラット／尻軽／ヤリマン	slut	スラット	尻軽	ヤリマン	
スリニヴァサン，アミア	Srinivasan, Amia	アミア・スリニヴァサン	Amia Srinivasan	Srinivasan	
せいかく@性格	character	性格			
せいきょういく@性教育	sex education				
せいさべつ@性差別／セクシズム	sexism	性差別	セクシズム		
ぜいじゃくせい@脆弱性／傷つきやすさ	vulnerability	脆弱性	傷つきやすさ		
せいしょ@聖書	Bible, The	聖書	The Bible	Bible	
せいしょく@生殖	procreation	生殖	procreation	procreation	
せいしょくしゅぎ@生殖主義	procreationism	生殖主義	procreationism	procreationism	
セイディー・スライフォックス	Slyfox, Sadie	セイディー・スライフォックス	Sadie Slyfox	Slyfox	
せいてきどうい@性的同意	sexual consent	性的同意			
せいてきぼうこう@性的暴行	sexual assault	性的暴行		sexual assault	
せいぼうりょく@性暴力	sexual violence	性暴力			
せいどうとく@性道徳	suxual morality	性道徳			
せかいほけんきこう@世界保健機構	World Health Organization (WHO)	世界保健機構	World Health Organization (WHO)	World Health Organization (WHO)	
セジウィック，イブ	Sedgwick, Eve	イブ・セジウィック	Eve Sedgwick	Sedgwick	
セックステクノロジー／セックステック	sexual technology / sex tech	セックステクノロジー	セックステック		
セックストイ／大人のオモチャ	sex toy	セックトイ	大人のオモチャ	ヴァイブレーター	
セックスロボット／セックスボット	sex robots / sexbot	セックスロボット	セックスボット	sex robots	
セックス革命	Sexual Revolution	セックス革命	Sexual Revolution	Sexual Revolution	
セッテガスト，サシャ	Settegast, Sascha		Sascha Settegast	Settegast	
セト，マイケル	Seto, Michael	マイケル・セト	Michael Seto	Seto	
セネカフォールズ会議	Seneca Falls Convention	セネカフォールズ会議	Seneca Falls Convention	Seneca Falls Convention	
ゼリンスキー，エドワード	Zelinsky, Edward	エドワード・ゼリンスキー	Edward Zelinsky	Zelinsky	
セン，アマルティア	Sen, Amartya	アマルティア・セン	Amartya Sen	Sen	
ゼン，リリー	Zheng, Lily	リリー・ゼン	Lily Zheng		
ゼン，ロビン	Zheng, Robin	ロビン・ゼン	Robin Zheng		
セントジェームズ，マーゴ	St. James, Margo	マーゴ・セントジェームズ	Margo St. James	St. James	
ぞうおはんざい@憎悪犯罪／ヘイトクライム	hate crime	ヘイトクライム	憎悪犯罪	hate crime	
そうごせい@相互性／互恵性	reciprocity	相互性	reciprocity	reciprocity	互恵性
そうごせつ@相互説（セックスの）	reciprocity view	相互説			
ソーブル，アラン	Soble, Alan	アラン・ソーブル	Alan Soble	Soble	
ソクラテス	Socrates	ソクラテス	Socrates	Socrates	
ソマリバ，マリーローズ	Somarriba, Mary Rose	マリーローズ・ソマリバ	Mary Rose Somarriba	Somarriba	
ソルニット，レベッカ	Solnit, Rebecca	レベッカ・ソルニット	Rebecca Solnit	Solnit	
ソロット，ドリアン	Solot, Dorian	ドリアン・ソロット	Dorian Solot	Solot	
ソロプチミスト	Soroptomist	ソロプチミスト	Soroptomist	Soroptomist	
タークル，シェリー	Turkle, Sherry	シェリー・タークル	Sherry Turkle	Turkle	
ダーショヴィッツ，アラン	Dershowitz, Alan	アラン・ダーショヴィッツ	Alan Dershowitz	Dershowitz	
ターナー，ブロック	Turner, Brock	ブロック・ターナー	Brock Turner	Turner	
ダーリン，エラ	Darling, Ela	エラ・ダーリン	Ela Darling	Darling	
ダーリン，ケイト	Darling, Kate	ケイト・ダーリン	Kate Darling		
ターンブル，マルコム	Turnbull, Malcolm	マルコム・ターンブル	Malcolm Turnbull	Turnbull	
だいとうりょうせいめいりんりいいんかい@大統領生命倫理委員会	President's Council on Bioethics	大統領生命倫理委員会	President's Council on Bioethics	President's Council on Bioethics	
ダインズ，ゲイル	Dines, Gail	ゲイル・ダインズ	Gail Dines	Dines	
ダウザット，ロス	Douthat, Ross	ロス・ダウザット	Ross Douthat	Douthat	
タオルミノ，トリスタン	Taormino, Tristan	トリスタン・タオルミノ	Tristan Taormino	Taormino	タオルミノ
ダガー，チェルシー	Dagger, Chelsea	チェルシー・ダガー	Chelsea Dagger	Dagger	
たじゅうこん@多重婚	plural marriage	多重婚	plural marriage		
タッカー，エボニー	Tucker, Ebony	エボニー・タッカー	Ebony Tucker	Tucker	
ダナハー，ジョン	Danaher, John	ジョン・ダナハー	John Danaher	Danaher	ダナハー
ダニエロ，カリッサ	D'Aniello, Carissa	カリッサ・ダニエロ	Carissa D'Aniello	D'Aniello	
タネンヒル，ブライアン	Tannehill, Brynn	ブライアン・タネンヒル	Brynn Tannehill	Tannehill	
ダフ，R. A.	Duff, R.A.	R. A.・ダフ	R.A. Duff	Duff	
ダン=コーヘン，メイヤー	Dan-Cohen, Meir	メイヤー・ダン=コーヘン	Meir Dan-Cohen	Dan-Cohen	
チーヴァス，アレクサンダー	Cheves, Alexander	アレクサンダー・チーヴァス	Alexander Cheves	Cheves	
チェンバース，クララ	Chambers, Clare	クララ・チェンバース	Clare Chambers		
チェンバース，ティモシー	Chambers, Timothy	ティモシー・チェンバース	Timothy Chambers		
チェンバース，デヴィッド	Chambers, David	デヴィッド・チェンバース	David Chambers		
ちくびくらんぷ@乳首クランプ	nipple klamp	乳首クランプ			
チチェロ，リラ	Cicero, Lyla	リラ・チチェロ	Lyla Cicero	Cicero	
チャルマーズ，ハリー	Chalmers, Harry	ハリー・チャルマーズ	Harry Chalmers	Chalmers	
チャルマーズ，マーサ	Chamallas, Martha	マーサ・チャルマーズ	Martha Chamallas	Chamallas	
チャンサー，リン	Chancer, Lynn	リン・チャンサー	Lynn Chancer	Chancer	
ちゅうごく@中国	China	中国	China	China	
ちゅうりつせい@中立性	neutrality	中立性	neutrality	neutrality	
チューリング，アラン	Turing, Alan	アラン・チューリング	Alan Turing	Turing	
チョーサー，ジェフリー	Chaucer, Geoffrey	ジェフリー・チョーサー	Geoffrey Chaucer	Chaucer	
ツイスト，マーキー	Twist, Markie	マーキー・ツイスト	Markie Twist	Twist	
ツォリス，アテナ	Tsoulis, Athena	アテナ・ツォリス	Athena Tsoulis	Tsoulis	
ていげんめいほう@定言命法	Categorical Imperative	定言命法	Categorical Imperative	Categorical Imperative	
ディジセクシュアリティ	digisexuality	ディジセクシュアリティ	digisexuality	digisexuality	
デイトン，ケイティー	Deighton, Katie	ケイティー・デイトン	Katie Deighton	Deighton	
テイラー，ハリエット	Taylor, Harriet	ハリエット・テイラー	Harriet Taylor	Taylor	
デヴィッドソン，ジュリア・オコーナー	Davidson, Julia O'Connell	ジュリア・オコーナー・デヴィッドソン	Julia O'Connell Davidson	Davidson	
デヴォス，ベッツィー	DeVos, Betsy	ベッツィー・デヴォス	Betsy DeVos	DeVos	
デヴリン，ケイト	Devlin, Kate	ケイト・デヴリン	Kate Devlin		
デヴリン，パトリック	Devlin, Patrick (Baron)	パトリック・デヴリン	Patrick Devlin	Pデヴリン	
デート差別	dating discrimination	デート差別			
デソウサ，ロナルド	De Sousa, Ronald		Ronald De Sousa	De Sousa	
テネシー大学チャッタノガ校	University of Tennessee at Chattanooga	テネシー大学チャッタノガ校	University of Tennessee at Chattanooga	University of Tennessee at Chattanooga	
デパウロ，ベラ	DePaulo, Bella	ベラ・デパウロ	Bella DePaulo	DePaulo	
デボーア，フレディー	De Boer, Freddie	フレディー・デボーア	Freddie De Boer	De Boer	
デュルケーム，エミール	Durkheim, Emile	エミール・デュルケーム	Emile Durkheim	Durkheim	
デリダ，ジャック	Derrida, Jacques	ジャック・デリダ	Jacques Derrida	Derrida	
テレディルドニクス	teledildonics	テレディルドニクス	teledildonics	teledildonics	
デンオットー，ロナルド・C	Den Otter, Ronald C.	ロナルド・C・デンオットー	Ronald C. Den Otter	Den Otter	
テンプルマン，バロン・シドニー	Templeman, Baron Sydney	バロン・シドニー・テンプルマン	Baron Sydney Templeman	Templeman	
デンマーク	Denmark	デンマーク	Denmark	Denmark	
ドイツ	Germany	ドイツ	Germany	Germany	
ドウォーキン，アンドレア	Dworkin, Andrea	アンドレア・ドウォーキン	Andrea Dworkin		
ドウォーキン，ロナルド	Dworkin, Ronald	ロナルド・ドウォーキン	Ronald Dworkin		
とうけい@統計	statistics	統計			
とうさく@倒錯	perversion	倒錯	perversion	perversion	
どうせいあい@同性愛	homosexuality	同性愛	homosexuality	homosexuality	
どうるいはいぐう@同類配偶	assortative mating	同類配偶	assortative mating	assortative mating	
ドゥルーズ，ジル	Deleuze, Gilles	ジル・ドゥルーズ	Gilles Deleuze	Deleuze	
トーマス，ジョージ・C	Thomas, George C.	ジョージ・C・トーマス	George C. Thomas	Thomas	
トールベア，キム	Tallbear, Kim	キム・トールベア	Kim Tallbear	Tallbear	
とくしゅいぎせつ@特殊意義説，セックスの	significance view of sex	特殊意義説	significance view	significance view of sex	
とくりんりがく@徳倫理学	virtue ethics	徳倫理学			
ドットソン，ベティ	Dodson, Betty	ベティ・ドットソン	Betty Dodson	Dodson	
ドノヴァン，ダン	Donovan, Dan		Dan Donovan	Donovan	
ドハティ，トム	Dougherty, Tom	トム・ドハティ	ドハティ	Dougherty	
ドミナトリックス／女王様	dominatrix	女王様	ドミナトリックス		
ドミナント	dominant	ドミナント			
トラウマ／心的外傷	trauma	トラウマ	心的外傷		
トラウマプレイ	trauma play	トラウマプレイ	trauma play	trauma play	
ドラミ，ドゥドゥ	Dlami, Dudu		Dudu Dlami	Dlami	
トランスジェンダー	transgender	トランスジェンダー			
トランスジェンダーアイデンティティ	transgender identity	トランスジェンダーアイデンティティ	transgender identity	transgender identity	
トランプ，ドナルド	Trump, Donald	ドナルド・トランプ	Donald Trump	Trump	
ドレイパー，シャーリー	Draper, Shirlee	シャーリー・ドレイパー	Shirlee Draper	Draper	
ドレハー，ロッド	Dreher, Rod	ロッド・ドレハー	Rod Dreher	Dreher	
ドロレ，プリンセス・ダイアナ	Dolore, Princess Donna		Princess Donna Dolore	Dolore	
ないぶせつ@内部説	internalism	内部説			
ナダル，ケヴィン	Nadal, Kevin	ケヴィン・ナダル	Kevin Nadal	Nadal	
にほん@日本	Japan	日本	Japan	Japan	
ニュー，ジェローム	Neu, Jerome	ジェローム・ニュー	Jerome Neu	Neu	
ニュースティッファー，ルース	Neustifter, Ruth	ルース・ニュースティッファー	Ruth Neustifter	Neustifter	
ニューマール，スタシ	Newmahr, Staci	スタシ・ニューマール	Staci Newmahr	Newmahr	
にんしんちゅうぜつ@妊娠中絶	abortion	妊娠中絶	abortion	abortion	
ヌスバウム，マーサ	Nussbaum, Martha	マーサ・ヌスバウム	Martha Nussbaum	Nussbaum	
ネーゲル，トマス	Nagel, Thomas	トマス・ネーゲル	Thomas Nagel	Nagel	
ネーリング，クリスティナ	Nehring, Christina	クリスティナ・ネーリング	Christina Nehring	Nehring	
ねつれつどうい@熱烈同意	enthusiastic consent	熱烈同意			
ノージック，ロバート	Nozick, Robert	ロバート・ノージック	Robert Nozick	Nozick	
ノックス，クレメント	Knox, Clement	クレメント・ノックス	Clement Knox	Knox	
ノルウェイ	Norway	ノルウェイ	Norway	Norway	
バーク，エドムンド	Burke, Edmund	エドムンド・バーク	Edmund Burke	Burke	
バーグナー，ダニエル	Bergner, Daniel	ダニエル・バーグナー	Daniel Bergner	Bergner	
パーディ，エリザベス	Pardi, Elizabeth	エリザベス・パーディ	Elizabeth Pardi	Pardi	
ハート，H.L.A.	Hart, H.L.A.	H.L.A.・ハート	H.L.A. Hart	Hart	
ハード，ハイジ	Hurd, Heidi	ハイジ・ハード	Heidi Hurd	Hurd	
ハートリー，ニナ	Hartley, Nina	ニナ・ハートリー	Nina Hartley	Hartley	
ハーバード大学	Harvard University	ハーバード大学	Harvard University	Harvard University	
ハーマン，ギルバート	Harman, Gilbert	ギルバート・ハーマン	Gilbert Harman	Harman	
バーロウ，ライネ	Barlow, Lynae	ライネ・バーロウ	Lynae Barlow	Barlow	
バーンスタイン，エリザベス	Bernstein, Elizabeth	エリザベス・バーンスタイン	Elizabeth Bernstein		
バーンスタイン，デヴィッド	Bernstein, David	デヴィッド・バーンスタイン	David Bernstein		
バイセクシュアリティ	bisexuality	バイセクシュアリティ	bisexuality	bisexuality	
バウアー，ナンシー	Bauer, Nancy	ナンシー・バウアー	Nancy Bauer		
バウアー，ロビン	Bauer, Robin	ロビン・バウアー	Robin Bauer		
バウマイスター，ロイ	Baumeister, Roy	ロイ・バウマイスター	Roy Baumeister	Baumeister	
バエアー，ジョディー・L	Baer, Jodie L.	ジョディー・L・バエアー	Jodie L. Baer	Baer	
バス，デヴィッド	Buss, David	デヴィッド・バス	David Buss	Buss	
パターナリスズム	paternalism	パターナリスズム	paternalism	paternalism	
ハッサン，ヤスミーン	Hassan, Yasmeen	ヤスミーン・ハッサン	Yasmeen Hassan	Hassan	
バディ・ソヌ	Badi, Sonu	バディ・ソヌ	Sonu Badi	Badi	
バドゥー	Badoo	バドゥー	Badoo	Badoo	
バトラー，ジュディス	Butler, Judith	ジュディス・バトラー	Judith Butler	Butler	
パトリッジ，ステファニー	Patridge, Stephanie	ステファニー・パトリッジ	Stephanie Patridge	Patridge	
バニラ	vanilla	バニラ			
ハバード，フィリップ	Hubbard, Philip	フィリップ・ハバード	Philip Hubbard	Hubbard	
パフォーマティヴ	performative	パフォーマティヴ	マフォーマンス的		
パフォーマンス	performance	パフォーマンス			
ハラスメント	harassment	ハラスメント			
パラフィリア	paraphilia	パラフィリア	paraphilia	paraphilia	
バリー，キャスリーン	Barry, Kathleen	キャスリーン・バリー	Kathleen Barry	Barry	
ハリス，サマンサ	Harris, Samantha	サマンサ・ハリス	Samantha Harris		
ハリス，ヘレン	Harris, Helen	ヘレン・ハリス	Helen Harris		
ハルワニ，ラジャ	Halwani, Raja	ラジャ・ハルワニ	Raja Halwani	Halwani	
ハレー，ジャネット	Halley, Janet	ジャネット・ハレー	Janet Halley	Halley	
パレルモ協定	Palermo Protocol	パレルモ協定	Palermo Protocol	Palermo Protocol	
パンセクシュアリティ	pansexuality	パンセクシュアリティ	pansexuality	pansexuality	
ハンソン，ロビン	Hanson, Robin	ロビン・ハンソン	Robin Hanson	Hanson	
バンチ，シャルロッテ	Bunch, Charlotte	シャルロッテ・バンチ	Charlotte Bunch	Bunch	
ハンナ，シェリル	Hannah, Cheryl	シェリル・ハンナ	Cheryl Hannah		
ハンプトン，ジーン	Hampton, Jean	ジーン・ハンプトン	Jean Hampton	Hampton	
ヒーリー，キャサリン	Healy, Catherine	キャサリン・ヒーリー	Catherine Healy	Healy	
ビール，アン	Beall, Ann	アン・ビール	Ann Beall	Beall	
びとく@美徳	virtue	美徳	virtue	virtue	
ひにん@避妊	contraception	避妊			
ひにんどうとく@避妊道徳	contraceptino morality	避妊道徳			
ひはんざいか@非犯罪化	decriminalization	非犯罪化			
ビブラーズ，ティモシー	Biblarz, Timothy J.	ティモシー・ビブラーズ	Timothy J. Biblarz	Biblarz	
ひものがみー@非モノガミー	non-monogamy	非モノガミー			
びょうどう@平等	equality	平等	equality	equality	
ビヨンセ	Beyoncé	ビヨンセ	Beyoncé	Beyoncé	
ヒンスリフ，ゲイビー	Hinsliff, Gaby	ゲイビー・ヒンスリフ	Gaby Hinsliff	Hinsliff	
ビンデル，ジュリー	Bindel, Julie	ビンデル	Bindel	Bindel	
フア，カイ	Hua, Cai	カイ・フア	Cai Hua	Hua	
ファーグソン，アン	Ferguson, Ann	アン・ファーグソン	Ann Ferguson	Ferguson	
ファーリー，メリッサ	Farley, Melissa	メリッサ・ファーリー	Melissa Farley	Farley	
ファング，ジョアンナ	Fang, Joanna	ジョアンナ・ファング	Joanna Fang	Fang	
フィッシェル，ジョセフ	Fischel, Joseph	ジョセフ・フィッシェル	Joseph Fischel	Fischel	
フィッシャー，ヘレン	Fisher, Helen	ヘレン・フィッシャー	Helen Fisher	Fisher	
フィニス，ジョン	Finnis, John	ジョン・フィニス	John Finnis	Finnis	
フィフティ・シェイズ・オブ・グレイ（映画）	Fifty Shades of Grey	フィフティ・シェイズ・オブ・グレイ	Fifty Shades of Grey	Fifty Shades of Grey	
フィリポヴィック，ジル	Filipovic, Jill	ジル・フィリポヴィック	Jill Filipovic	Filipovic	
フィン，ピーター	Finn, Peter	ピーター・フィン	Peter Finn	Finn	
フィンガー，アン	Finger, Anne	アン・フィンガー	Anne Finger	Finger	
フーコー，ミッシェル	Foucault, Michel	ミッシェル・フーコー	Michel Foucault	Foucault	
フーサック，ダグラス	Husak, Douglas	ダグラス・フーサック	Douglas Husak	Husak	
フェアステイン，リンダ	Fairstein, Linda	リンダ・フェアステイン	Linda Fairstein	Fairstein	
フェスラー，リー	Fessler, Leah	リー・フェスラー	Leah Fessler	Fessler	
フェミニスト	feminist	フェミニスト			
フェミニスト，ラディカル	feminist, radical	ラディカルフェミニスト			
フェミニスト，リベラル	feminist, liberal	リベラルフェミニスト			
フェミニズム	feminism	フェミニズム	feminism	feminism	
ふかい@不快／憤り／オフェンス	offense	不快	憤り	オフェンス	
ふくし@福祉	welfare	福祉			
たげんてきむち@多元的無知	pluralistic ignorance	多元的無知	pluralistic ignorance	pluralistic ignorance	
フクヤマ，フランシス	Fukuyama, Francis	フランシス・フクヤマ	Francis Fukuyama	Fukuyama	
ふくり@福利	well-being	福利			
フューチュラマ	Futurama	フューチュラマ	Futurama	Futurama	
ブライデン，デヴィッド	Bryden, David	デヴィッド・ブライデン	David Bryden	Bryden	
ブライトバート	Breitbart	ブライトバート	Breitbart	Breitbart	
プライバシーの権利	right to privacy	プライバシーの権利	right to privacy	right to privacy	
プラトン	Plato	プラトン	Plato	Plato	
フランス	France	フランス	France	France	
プリースト，グラハム	Priest, Graham	グラハム・プリースト	Graham Priest	Priest	
フリーダースドーフ，コーナー	Friedersdorf, Conor	コーナー・フリーダースドーフ	Conor Friedersdorf	Friedersdorf	
フリーダン，ベティ	Friedan, Betty	ベティ・フリーダン	Betty Friedan	Friedan	
フリードマン，アン	Friedman, Ann	アン・フリードマン	Ann Friedman		
フリードマン，カリン	Freedman, Karyn	カリン・フリードマン	Karyn Freedman	Freedman	
フリードマン，ジャクリン	Friedman, Jaclyn	ジャクリン・フリードマン	Jaclyn Friedman		
プリモラッツ，イゴール	Primoratz, Igor	イゴール・プリモラッツ	Igor Primoratz	Primoratz	
フリン，エイリノール	Flynn, Eilionóir	エイリノール・フリン	Eilionóir Flynn	Flynn	
ブルー，ヴァイオレット	Blue, Violet	ヴァイオレット・ブルー	Violet Blue	Blue	
ブルーニング，エリザベス	Bruenig, Elizabeth	エリザベス・ブルーニング	Elizabeth Bruenig	Bruenig	
ブレイク，エリザベス	Brake, Elizabeth	エリザベス・ブレイク	Elizabeth Brake	Brake	ブレイク
フレイズ，ピーター	Frase, Peter	ピーター・フレイズ	Peter Frase	Frase	
フレイタス，ドナ	Freitas, Donna	ドナ・フレイタス	Donna Freitas	Freitas	
フレンチ，デヴィッド	French, David	デヴィッド・フレンチ	David French	French	
プローズ，ニコル	Prause, Nicole	ニコル・プローズ	Nicole Prause	Prause	
ブロックウェル，ホリー	Brockwell, Holly	ホリー・ブロックウェル	Holly Brockwell	Brockwell	
ヘイウッド，レスリー	Heywood, Leslie	レスリー・ヘイウッド	Leslie Heywood	Heywood	
べいこく@米国	United Nations	米国	United Nations	United Nations	
べいこくしんりがっかい@米国心理学会	American Psychological Association	米国心理学会	American Psychological Association	American Psychological Association	
ペイトマン，キャロル	Pateman, Carole	キャロル・ペイトマン	Carole Pateman	Pateman	
ヘイム，コリーン	Haym, Corinne	コリーン・ヘイム	Corinne Haym	Haym	
ヘーバレー，エルヴィン・J	Haeberle, Erwin J.	エルヴィン・J・ヘーバレー	Erwin J. Haeberle	Haeberle	
ベックマン，アンドレア	Beckman, Andrea	アンドレア・ベックマン	Andrea Beckman	Beckman	
ヘテロノーマティヴィティ／異性愛規範	heteronormativity		異性愛規範	ヘテロノーマティヴィティ	
ヘネシー，ローズマリー	Hennessy, Rosemary	ローズマリー・ヘネシー	Rosemary Hennessy	Hennessy	
ベネター，デヴィッド	Benatar, David	デヴィッド・ベネター	David Benatar	Benatar	
ベネット，ウィリアム	Bennett, William	ウィリアム・ベネット	William Bennett	Bennett	
ヘフナー，ハフ	Hefner, Hugh	ハフ・ヘフナー	Hugh Hefner	Hefner	
ベレス，メラニー	Beres, Melanie	メラニー・ベレス	Melanie Beres	Beres	
ベン，ピアーズ	Benn, Piers	ピアーズ・ベン	Piers Benn	Benn	
ベンサム，ジェレミー	Bentham, Jeremy	ジェレミー・ベンサム	Jeremy Bentham	Bentham	
ヘンダーソン，リン	Henderson, Lynne	リン・ヘンダーソン	Lynne Henderson	Henderson	
ベンデット，ジャニン	Benedet, Janine	ジャニン・ベンデット	Janine Benedet	Benedet	
ボアズ，デヴィッド	Boaz, David	デヴィッド・ボアズ	David Boaz	Boaz	
ホーキンス，アラン・J	Hawkins, Alan J.	アラン・J・ホーキンス	Alan J. Hawkins	Hawkins	
ホームズ，オリヴァー・ウェンデル	Holmes, Oliver Wendell	オリヴァー・ウェンデル・ホームズ	ホームズ判事	Holmes	
ポーリン，マイケル	Palin, Michael	マイケル・ポーリン	Michael Palin	Palin	
ほくおうもでる@北欧モデル	Nordic Model	北欧モデル	Nordic Model	Nordic Model	
ほくおうもでるじょうほうねっとわーく@北欧モデル情報ネットワーク	Nordic Model Information Network	北欧モデル情報ネットワーク	Nordic Model Information Network	Nordic Model Information Network	
ほしゅしゅぎ@保守主義	conservativism	保守主義			
ほしゅは@保守／保守派	conservative	保守派	保守		
ポスト構造主義	post-structuralism	ポスト構造主義	post-structuralism	post-structuralism	
ポズナー，リチャード	Posner, Richard	リチャード・ポズナー	Richard Posner	Posner	
ボッカッチョ	Boccaccio	ボッカッチョ	Boccaccio	Boccaccio	
ホッブズ，マイケル	Hobbes, Michael	マイケル・ホッブズ	Michael Hobbes	Hobbes	
ボニ=サエンズ，アレクサンダー	Boni-Saenz, Alexander	アレクサンダー・ボニ=サエンズ	サエンズ	Boni-Saenz	
ホプキンス，パトリック	Hopkins, Patrick	パトリック・ホプキンス	ホプキンス	Hopkins	
ホプケ，ロバート	Hopcke, Robert	ロバート・ホプケ	ホプケ	Hopcke	
ホメロス	Homer	ホメロス	Homer	Homer	
ポリアモリー	polyamory	ポリアモリー	polyamory	polyamory	
ポリアモリー／複数愛	polyamory	ポリアモリー			
ポリアンドリー／一妻多夫	polyandry	ポリアンドリー			
ポリガミー	polygamy	ポリガミー	polygamy	polygamy	
ポリジニー／一夫多妻	polygyny	ポリジニー	ポリギニー		
ポルノグラフィ／ポルノ	pornography	ポルノ			
マーキン，ダフネ	Merkin, Daphne	ダフネ・マーキン	Daphne Merkin	Merkin	
マーサー，ジョン	Mercer, John	ジョン・マーサー	John Mercer	Mercer	
マーチ，アンドリュー	March, Andrew	アンドリュー・マーチ	Andrew March	March	
マーフィー，キャサリン	Murphy, Catherine	キャサリン・マーフィー	Catherine Murphy		
マーフィー，メーガン	Murphy, Meghan	メーガン・マーフィー	Meghan Murphy		
マイルズ，サム	Miles, Sam	サム・マイルズ	Sam Miles	Miles	
マギーズ・トロント	Maggie's Toronto Sex Worker's Action Project	マギーズ・トロント	Maggie's Toronto Sex Worker's Action Project	Maggie's Toronto Sex Worker's Action Project	
マクグレゴール，キャサリン	MacGregor, Joan	キャサリン・マクグレゴール	Joan MacGregor	MacGregor	
マクドナルド，ジェフ	MacDonald, Geoff	ジェフ・マクドナルド	Geoff MacDonald	MacDonald	
マクリントック，アン	McClintock, Anne	アン・マクリントック	Anne McClintock	McClintock	
マケオン，ローレン	McKeon, Lauren	ローレン・マケオン	Lauren McKeon	McKeon	
マコーミック，マイケル	McCormick, Michael	マイケル・マコーミック	Michael McCormick	McCormick	
マスターベーション	masterbation	マスターベーション			
マッカーサー，ニール	McArthur, Neil	ニール・マッカーサー	Neil McArthur	McArthur	
マッキーヴァー，ナターシャ	McKeever, Natasha	ナターシャ・マッキーヴァー	Natasha McKeever	McKeever	
マッキンン，キャサリン	MacKinnon, Catharine	キャサリン・マッキンン	Catharine MacKinnon	MacKinnon	
マック，ジュノ	Mac, Juno	ジュノ・マック	Juno Mac	Mac	
マックイーン，パディ	McQueen, Paddy	パディ・マックイーン	Paddy McQueen	McQueen	
マッチングアプリ／マッチングサイト	dating apps / dating service	マッチングアプリ	マッチングサイト		
マッチングアプリ／マッチングサイト	hook-up	フックアップ			
マッレイ，チャールズ	Murray, Charles	チャールズ・マッレイ	Charles Murray	Murray	
マルクス主義	Marxism	マルクス主義	Marxism	Marxism	
ミーガン，タイラー	Tyler, Meagan	タイラー・ミーガン	Meagan Tyler	Tyler	
ミーン・マミー	Mommy, Mistress Mean		Mistress Mean Mommy	Mommy	
ミゴッティ，マーク	Migotti, Mark	マーク・ミゴッティ	Mark Migotti	Migotti	
ミシー・B	B. Michea	ミシー・B	B. Michea	B. Michea	
ミッチェル，ピーター・ジョン	Mitchell, Peter Jon	ピーター・ジョン・ミッチェル	Peter Jon Mitchell		
ミッチェル，ミーガン	Mitchell, Megan	ミーガン・ミッチェル	Megan Mitchell		
みなみあふりか@南アフリカ	South Africa	南アフリカ	South Africa	South Africa	
ミューレンハード，シャルリーン	Muehlenhard, Charlene	シャルリーン・ミューレンハード	Charlene Muehlenhard	Muehlenhard	
ミラー，ジェフリー	Miller, Geoffrey	ジェフリー・ミラー	Geoffrey Miller		
ミラー，マーシャル	Miller, Marshall	マーシャル・ミラー	Marshall Miller		
ミル，ジョンスチュワート	Mill, John Stuart	ジョンスチュワート・ミル	John Stuart Mill	Mill	
ミレット，ケイト	Millet, Kate	ケイト・ミレット	Kate Millet	Millet	
みんしゅしゅぎ@民主主義	democracy	民主主義			
ムーディー，メアリ	Moody, Mary	メアリ・ムーディー	Mary Moody	Moody	
メイフェア，ミシャ	Mayfair, Misha	ミシャ・メイフェア	Misha Mayfair	Mayfair	
メソポタミア	Mesopotamia	メソポタミア	Mesopotamia	Mesopotamia	
メッツ，タマラ	Metz, Tamara	タマラ・メッツ	Tamara Metz	Metz	
メリーニ，ジョヴァンニ	Mellini, Giovanni	ジョヴァンニ・メリーニ	Giovanni Mellini	Mellini	
メルマン，ケン	Mehlman, Ken	ケン・メルマン	Ken Mehlman	Mehlman	
モーガン，セイリオル	Morgan, Seiriol	セイリオル・モーガン	Seiriol Morgan		
モーガン，ロビン	Morgan, Robin	ロビン・モーガン	Robin Morgan		
モーザー，チャールズ	Moser, Charles	チャールズ・モーザー	Charles Moser	Moser	
モデル刑法	Model Penal Code	モデル刑法	Model Penal Code	Model Penal Code	
モノガミー／一夫一婦	monogamy	モノガミー			
モノノーマティヴィティ／モノガミー規範	mononormativity	モノノーマティヴィティ	モノガミー規範		
モノ化	objectification	モノ化	objectification	objectification	
モラン，レイチェル	Moran, Rachel	レイチェル・モラン	Rachel Moran	Moran	
モンテーニュ，ミシェル・ド	Montaigne, Michel de	ミシェル・ド・モンテーニュ	Michel de Montaigne	Montaigne	
ヤング，キャシー	Young, Cathy	キャシー・ヤング	Cathy Young	Young	
ユスティアヌス	Justinian	ユスティアヌス	Justinian	Justinian	
ユッテン，ティモ	Jütten, Timo	ティモ・ユッテン	Timo Jütten	Jütten	
ユリシーズ	Ulysses	ユリシーズ	Ulysses	Ulysses	
よくぼうのふちっち@性的欲求の不一致	desire discrepancy	性的欲求の不一致@せいてきよっきゅうのふいっち	desire discrepancy	desire discrepancy	
ヨッフェ，エミリー	Yoffe, Emily	エミリー・ヨッフェ	Emily Yoffe	Yoffe	
ラーソン，ジェーン	Larson, Jane	ジェーン・ラーソン	Jane Larson	Larson	
ライアン，クリストファー	Ryan, Christopher	クリストファー・ライアン	Christopher Ryan	Ryan	
ライト，ジョン	Witte, John	ジョン・ライト	John Witte	Witte	
ラウレティス，テレサ・デ	De Lauretis, Teresa		Teresa De Lauretis	De Lauretis	
ラカン，ジャック	Lacan, Jacques	ジャック・ラカン	Jacques Lacan	Lacan	
ラキエール，ジェネヴィヴ	Lakier, Genevieve	ジェネヴィヴ・ラキエール	Genevieve Lakier	Lakier	
ラスト，エリカ	Lust, Erika	エリカ・ラスト	Erika Lust	Lust	
ラック，モーガン	Luck, Morgan	モーガン・ラック	Morgan Luck	Luck	
ラディック，サラ	Ruddick, Sara	サラ・ラディック	Sara Ruddick	Ruddick	
ラディン，メリー・ジェーン	Radin, Mary Jane	メリー・ジェーン・ラディン	Mary Jane Radin	Radin	
ラブ，シナモン	Love, Sinnamon	シナモン・ラブ	Sinnamon Love		
ラフセックス	rough sex	ラフセックス			
ラブドラッグ	love drug	ラブドラッグ			
ラブレース，リンダ	Lovelace, Linda	リンダ・ラブレース	Linda Lovelace	Lovelace	
ラムダ法律擁護教育基金	Lambda Legal Defense and Education Fund, Inc.	ラムダ法律擁護教育基金	Inc. Lambda Legal Defense and Education Fund	Lambda Legal Defense and Education Fund	
ラモス，ノーマ	Ramos, Norma	ノーマ・ラモス	Norma Ramos	Ramos	
ラロック，J. P.	Larocque, J.P.	J. P. ラロック	J.P. Larocque	Larocque	
ラングトン，レイ	Langton, Rae	レイ・ラングトン	Rae Langton	Langdon	
リー，キャロル	Leigh, Carol	キャロル・リー	Carol Leigh	Leigh	
リーガルモラリズム	legal moralism	リーガルモラリズム	legal moralism	legal moralism	
リチャーズ，エイミー	Richards, Amy	エイミー・リチャーズ	Amy Richards	Richards	
リチャードソン，キャスリーン	Richardson, Kathleen	キャスリーン・リチャードソン	Kathleen Richardson		
リチャードソン，ダイアン	Richardson, Diane	ダイアン・リチャードソン	Diane Richardson		
リッチ，パトリシア	Rich, Patricia	パトリシア・リッチ	Patricia Rich	Rich	
リドストローム，ジェンス	Rydström, Jens	ジェンス・リドストローム	Jens Rydström	Rydström	
リベラリズム／自由主義	liberalism	リベラリズム	自由主義		
リベラル／リベラル派	liberal	リベラル			
リベルト，ハリー	Liberto, Hallie	ハリー・リベルト	Hallie Liberto	Liberto	
リンクレター，アート	Linkletter, Art	アート・リンクレター	Art Linkletter	Linkletter	
リンデマン，ダニエル	Lindeman, Danielle	ダニエル・リンデマン	Danielle Lindeman	Lindeman	
ルインスキー，モニカ	Lewinsky, Monica	モニカ・ルインスキー	Monica Lewinsky	Lewinsky	
ルース，マイケル	Ruse, Michael	マイケル・ルース	Michael Ruse	Ruse	
ルダー，クリスチャン	Rudder, Christian	クリスチャン・ルダー	Christian Rudder	Rudder	
ルター，マルチン	Luther, Martin	マルチン・ルター	Martin Luther	Luther	
レイ，デヴィッド	Ley, David	デヴィッド・レイ	David Ley	Ley	
レイコフ，ローガン	Levkoff, Logan	ローガン・レイコフ	Logan Levkoff	Levkoff	
レイノルズ，ドーン	Reynolds, Dawn	ドーン・レイノルズ	Dawn Reynolds	Reynolds	
レイプ／強姦	rape	レイプ	強姦		
レイプカルチャー	rape culture	レイプカルチャー			
レイホンズ，ドナ・ルー	Rayhons, Donna Lou	ドナ・ルー・レイホンズ	Donna Lou Rayhons		
レイホンズ，ヘンリー	Rayhons, Henry	ヘンリー・レイホンズ	Henry Rayhons		
レヴァイン，I. S.	Levine, I.S.	I. S.・レヴァイン	I.S. Levine	Levine	
レヴィ=ストロース，クロード	Lévi-Strauss, Claude	クロード・レヴィ=ストロース	Claude Lévi-Strauss	Lévi-Strauss	
レヴィー，ジェイ	Levy, Jay	ジェイ・レヴィー	Jay Levy		
レヴィー，ニール	Levy, Neil	ニール・レヴィー	Neil Levy		
レヴィタン，ミア	Levitan, Mia	ミア・レヴィタン	Mia Levitan	Levitan	
レヴィット，スティーヴン	Levitt, Steven	スティーヴン・レヴィット	Steven Levitt	Levitt	
レーガン，ミルトン	Regan, Milton	ミルトン・レーガン	Milton Regan	Regan	
レーミラー，ジャスティン	Lehmiller, Justin	ジャスティン・レーミラー	Justin Lehmiller	Lehmiller	
レズビアン・アイデンティティ	lesbian identity	レズビアン・アイデンティティ	lesbian identity	lesbian identity	
ロージン，ハンナ	Rosin, Hanna	ハンナ・ロージン	Hanna Rosin	Rosin	
ローズ，カイラ	Lords, Kayla	カイラ・ローズ	Kayla Lords	Lords	
ローティー，リチャード	Rorty, Richard	リチャード・ローティー	Richard Rorty	Rorty	
ロード，オードリー	Lorde, Audre	オードリー・ロード	Audre Lorde	Lorde	
ロードフット，フィオナ	Broadfoot, Fiona	フィオナ・ロードフット	Fiona Broadfoot	Broadfoot	
ローマ	Rome	ローマ	Rome	Rome	
ローマン，ジョン	Lowman, John	ジョン・ローマン	John Lowman	Lowman	
ロールズ，ジョン	Rawls, John	ジョン・ロールズ	John Rawls	Rawls	
ロジャーズ，レスリー	Rogers, Leslie	レスリー・ロジャーズ	Leslie Rogers	Rogers	
ロチェスター（伯爵），ジョン・ウィルモット	Rochester, Earl of (John Wilmot)	ジョン・ウィルモット・ロチェスター伯爵	Earl of (John Wilmot) Rochester	Rochester	
ロッカ，ジェームズ	Rocha, James	ジェームズ・ロッカ	James Rocha	Rocha	
ロック，ジョン	Locke, John	ジョン・ロック	John Locke	Locke	
ロドリーク，ハディア	Roderique, Hadiya	ハディア・ロドリーク	Hadiya Roderique	Roderique	
ロバーツ，ジョン	Roberts, John	ジョン・ロバーツ	John Roberts		
ロバーツ，ニッキー	Roberts, Nickie	ニッキー・ロバーツ	Nickie Roberts		
ロボット	robot	ロボット			
ワートハイマー，アラン	Wertheimer, Alan	アラン・ワートハイマー	ワートハイマー	Wertheimer	
ワイアット，ニコル	Wyatt, Nicole	ニコル・ワイアット	Nicole Wyatt	Wyatt	
ワイス，マゴット	Weiss, Margot	マゴット・ワイス	Margot Weiss		
ワイス，ロバート	Weiss, Robert	ロバート・ワイス	Robert Weiss		
ワイマール共和国	Weimar Germany	ワイマール共和国	Weimar Germany	Weimar Germany	
ワンダとダイヤと優しい奴ら（映画）	Fish Called Wanda, A.		A. Fish Called Wanda	Fish Called Wanda	
ひにんげんか@非人間化	dehumanize	非人間化			
	Carbonne, June		June Carbonne	Carbonne	
	Culp-Ressler, Tara		Tara Culp-Ressler	Culp-Ressler	
イエス	Jesus	イエス・キリスト	Jesus	Jesus	
	Mir-Ausziehen, Ava		Ava Mir-Ausziehen	Mir-Ausziehen	
	Schechinger, Heath		Heath Schechinger	Schechinger	
VICE	VICE		emph{VICE}		
New York Times, The	New York Times, The		New York Times		
Time, The	Time, The		emph{The TIme}		
Lancet, The	Lancet, The		emph{The Lancet}		
Forbes|emph	Forbes		emph{Forbes}		
Newsweek|emph	Newsweek		emph{Newsweek}		
Rolling Stone	Rolling Stone		emph{Rolling Stone}		
Daily Beast, The	Daily Beast, The		emph{Daily Beast}		
Nation, The	Nation, The		emph{The Nation}		
New Yorker, The	New Yorker, The		emph{The New Yorker}		
Wall Street Journal, The	Wall Street Journal, The		emph{The Wall Street}		
Washington Post, The	Washington Post, The		emph{The Washington Post}		
PTSD	Post Traumatic Stress Disorder	PTSD			
セックス購入禁止法	sex buyer law	sex buyer law	セックス購入禁止法		
Canada (AG) v. Bedford	Canada (AG) v. Bedford	Bedford	emph{Bedford}		
ピンプ		ピンプ	ポン引き	売春斡旋	
セックスワーク／セックスワーカー	sex work / sex worker	セックスワーク	セックスワーカー		
セックス倫理（学）	sex ethics / sexual ethics	セックス倫理			
せいはんざい@性犯罪	sexual crime	sexual crime	性犯罪		
スインギング／スインガー	swinging / swinger	スインギング	スインガー		
パウロ	Paul	聖パウロ			
キリスト教		キリスト教			
カトリック		カトリック			
アナルセックス	anal sex	アナルセックス	肛門性交		
はんそどみーほう@反ソドミー法	anti-sodomy law	反ソドミー法			
ケア提供ユニオン	care-giving union	ケア提供ユニオン			